Surface,Rooms,Bedrooms,Price
43 m2,2,1,539 €/month
84 m2,4,3,950 €/month
71 m2,3,2,850 €/month
60 m2,3,2,565 €/month
85 m2,3,2,750 €/month
85 m2,3,2,940 €/month
31 m2,3,2,590 €/month
73 m2,3,2,770 €/month
79 m2,5,3,960 €/month
62 m2,3,2,820 €/month
75 m2,,4,560 €/month
45 m2,2,,855 €/month
43 m2,2,1,550 €/month
131 m2,5,3,1 190 €/month
120 m2,4,2,970 €/month
14 m2,1,,380 €/month
69 m2,3,2,863 €/month
86 m2,4,,690 €/month
45 m2,2,1,575 €/month
,4,3,1 320 €/month
110 m2,5,3,1 430 €/month
60 m2,2,,530 €/month
,,1,690 €/month
,,1,650 €/month
13 m2,1,1,395 €/month
17 m2,1,1,415 €/month
101 m2,4,2,940 €/month
,4,3,185 €/month
,3,2,57 €/month
,2,1,104 €/month
,1,1,81 €/month
,1,1,58 €/month
,2,1,69 €/month
,1,1,58 €/month
18 m2,1,1,326 €/month
160 m2,5,,1 800 €/month
