Surface [m2],Rooms,Price [CHF/month],Country,City
43.0,2.0,565,France,Colmar
84.0,4.0,997,France,Colmar
71.0,3.0,892,France,Colmar
60.0,3.0,593,France,Colmar
85.0,3.0,787,France,Colmar
85.0,3.0,987,France,Colmar
31.0,3.0,619,France,Colmar
73.0,3.0,808,France,Colmar
79.0,5.0,1008,France,Colmar
62.0,3.0,861,France,Colmar
45.0,2.0,897,France,Colmar
43.0,2.0,577,France,Colmar
131.0,5.0,1249,France,Colmar
120.0,4.0,1018,France,Colmar
14.0,1.0,399,France,Colmar
69.0,3.0,906,France,Colmar
86.0,4.0,724,France,Colmar
45.0,2.0,603,France,Colmar
78.0,4.0,1386,France,Colmar
110.0,5.0,1501,France,Colmar
60.0,2.0,556,France,Colmar
44.0,1.5,724,France,Colmar
29.0,1.5,682,France,Colmar
13.0,1.0,414,France,Colmar
17.0,1.0,435,France,Colmar
101.0,4.0,987,France,Colmar
91.0,4.0,194,France,Colmar
80.0,3.0,59,France,Colmar
70.0,2.0,109,France,Colmar
60.0,1.0,85,France,Colmar
49.0,1.0,60,France,Colmar
39.0,2.0,72,France,Colmar
28.0,1.0,60,France,Colmar
18.0,1.0,342,France,Colmar
41.0,1.0,1074,Germany,Freiburg
18.0,1.0,824,Germany,Freiburg
46.0,1.0,1252,Germany,Freiburg
50.0,1.0,1252,Germany,Freiburg
26.0,1.0,918,Germany,Freiburg
24.0,1.0,449,Germany,Freiburg
60.0,2.0,522,Germany,Freiburg
34.0,1.0,626,Germany,Freiburg
50.0,2.0,1357,Germany,Freiburg
60.0,2.0,887,Germany,Freiburg
21.0,1.0,865,Germany,Freiburg
57.0,1.0,1461,Germany,Freiburg
74.0,2.0,1650,Germany,Freiburg
45.0,2.0,1096,Germany,Freiburg
100.0,3.0,940,Germany,Freiburg
85.0,3.0,1879,Germany,Freiburg
50.0,2.0,835,Germany,Freiburg
90.0,2.0,887,Germany,Freiburg
100.0,4.0,1462,Germany,Freiburg
80.0,3.0,1148,Germany,Freiburg
58.0,2.0,929,Germany,Freiburg
50.0,2.0,997,Germany,Freiburg
102.0,4.0,2088,Germany,Freiburg
55.0,2.0,835,Germany,Freiburg
109.0,4.0,1462,Germany,Freiburg
54.0,2.0,835,Germany,Freiburg
60.0,2.0,1044,Germany,Freiburg
76.0,3.0,1462,Germany,Freiburg
90.0,3.0,1378,Germany,Freiburg
65.0,3.0,935,Germany,Freiburg
36.0,1.0,783,Germany,Freiburg
65.0,2.0,658,Germany,Freiburg
40.0,3.0,611,Germany,Freiburg
50.0,2.0,1096,Germany,Freiburg
91.0,3.0,1045,Germany,Freiburg
100.0,2.0,887,Germany,Freiburg
38.0,2.0,793,Germany,Freiburg
89.0,3.0,103,Germany,Freiburg
90.0,3.0,1879,Germany,Freiburg
70.0,2.0,679,Germany,Freiburg
110.0,5.0,1775,Germany,Freiburg
60.0,2.0,835,Germany,Freiburg
120.0,6.0,365,Germany,Freiburg
80.0,4.0,804,Germany,Freiburg
95.0,3.0,877,Germany,Freiburg
80.0,3.0,1931,Germany,Freiburg
100.0,4.0,522,Germany,Freiburg
75.0,2.0,1493,Germany,Freiburg
60.0,3.0,1159,Germany,Freiburg
100.0,5.0,992,Germany,Freiburg
55.0,2.0,42,Germany,Freiburg
69.0,2.0,1044,Germany,Freiburg
27.0,1.0,699,Germany,Freiburg
42.0,2.0,679,Germany,Freiburg
60.0,3.0,1166,Germany,Freiburg
45.0,2.0,773,Germany,Freiburg
75.0,3.0,1148,Germany,Freiburg
85.0,2.0,1409,Germany,Freiburg
65.0,3.0,1409,Germany,Freiburg
75.0,3.0,1013,Germany,Freiburg
62.0,2.0,940,Germany,Freiburg
65.0,2.0,940,Germany,Freiburg
60.0,3.0,1201,Germany,Freiburg
62.0,2.0,1148,Germany,Freiburg
89.0,2.0,1305,Germany,Freiburg
54.0,2.0,1002,Germany,Freiburg
68.0,2.0,1378,Germany,Freiburg
41.0,2.0,1044,Germany,Freiburg
65.0,2.0,887,Germany,Freiburg
55.0,2.0,825,Germany,Freiburg
65.0,3.0,940,Germany,Freiburg
53.0,2.0,783,Germany,Freiburg
95.0,4.0,731,Germany,Freiburg
45.0,2.0,626,Germany,Freiburg
63.0,2.0,1039,Germany,Freiburg
60.0,2.0,940,Germany,Freiburg
35.0,2.0,835,Germany,Freiburg
90.0,3.0,1566,Germany,Freiburg
74.0,2.0,1107,Germany,Freiburg
50.0,2.0,992,Germany,Freiburg
104.0,2.0,1315,Germany,Freiburg
92.0,3.0,1616,Germany,Freiburg
95.0,2.0,1441,Germany,Freiburg
76.0,2.0,722,Germany,Freiburg
46.0,2.0,529,Germany,Freiburg
37.0,2.0,731,Germany,Freiburg
34.0,2.0,710,Germany,Freiburg
115.0,5.0,1775,Germany,Freiburg
52.0,2.0,804,Germany,Freiburg
55.0,3.0,867,Germany,Freiburg
96.0,3.0,1775,Germany,Freiburg
56.0,2.0,752,Germany,Freiburg
65.0,2.0,313,Germany,Freiburg
50.0,2.0,783,Germany,Freiburg
60.0,3.0,908,Germany,Freiburg
52.0,2.0,1109,Germany,Freiburg
80.0,3.0,1618,Germany,Freiburg
69.0,3.0,835,Germany,Freiburg
46.0,2.0,1034,Germany,Freiburg
75.0,2.0,1013,Germany,Freiburg
95.0,3.0,1133,Germany,Freiburg
71.0,3.0,1326,Germany,Freiburg
32.0,2.0,720,Germany,Freiburg
52.0,2.0,26,Germany,Freiburg
46.0,2.0,648,Germany,Freiburg
45.0,2.0,574,Germany,Freiburg
55.0,2.0,929,Germany,Freiburg
54.0,2.0,1044,Germany,Freiburg
50.0,2.0,1044,Germany,Freiburg
45.0,2.0,887,Germany,Freiburg
130.0,4.0,1253,Germany,Freiburg
35.0,1.0,574,Germany,Freiburg
70.0,3.0,470,Germany,Freiburg
110.0,3.0,89,Germany,Freiburg
56.0,3.0,971,Germany,Freiburg
44.0,2.0,679,Germany,Freiburg
42.0,1.0,673,Germany,Freiburg
35.0,2.0,595,Germany,Freiburg
79.0,3.0,1529,Germany,Freiburg
42.0,2.0,522,Germany,Freiburg
177.0,5.0,1879,Germany,Freiburg
48.0,2.0,929,Germany,Freiburg
31.0,2.0,407,Germany,Freiburg
50.0,3.0,470,Germany,Freiburg
110.0,2.0,1044,Germany,Freiburg
70.0,3.0,1253,Germany,Freiburg
53.0,2.0,1039,Germany,Freiburg
38.0,2.0,773,Germany,Freiburg
82.0,3.0,1169,Germany,Freiburg
97.0,3.0,679,Germany,Freiburg
52.0,2.0,856,Germany,Freiburg
123.0,3.0,1670,Germany,Freiburg
60.0,2.0,1253,Germany,Freiburg
105.0,4.0,2453,Germany,Freiburg
23.0,1.0,658,Germany,Freiburg
100.0,3.0,887,Germany,Freiburg
60.0,2.0,992,Germany,Freiburg
43.0,2.0,642,Germany,Freiburg
43.0,2.0,835,Germany,Freiburg
70.0,3.0,1409,Germany,Freiburg
70.0,2.0,762,Germany,Freiburg
75.0,3.0,1299,Germany,Freiburg
42.0,5.0,699,Germany,Freiburg
73.0,3.0,1231,Germany,Freiburg
113.0,4.0,2045,Germany,Freiburg
42.0,2.0,861,Germany,Freiburg
44.0,2.0,647,Germany,Freiburg
55.0,2.0,668,Germany,Freiburg
92.0,3.0,887,Germany,Freiburg
52.0,2.0,616,Germany,Freiburg
60.0,2.0,1034,Germany,Freiburg
63.0,2.0,1357,Germany,Freiburg
59.0,2.0,835,Germany,Freiburg
32.0,3.0,559,Germany,Freiburg
64.0,3.0,1503,Germany,Freiburg
64.0,2.0,1566,Germany,Freiburg
49.0,1.0,825,Germany,Freiburg
64.0,3.0,1180,Germany,Freiburg
82.0,3.0,1775,Germany,Freiburg
30.0,2.0,1044,Germany,Freiburg
68.0,2.0,1253,Germany,Freiburg
60.0,2.0,791,Germany,Freiburg
42.0,1.0,606,Germany,Freiburg
30.0,2.0,741,Germany,Freiburg
120.0,4.0,835,Germany,Freiburg
100.0,4.0,1044,Germany,Freiburg
63.0,2.0,512,Germany,Freiburg
65.0,3.0,1044,Germany,Freiburg
69.0,3.0,1535,Germany,Freiburg
33.0,2.0,438,Germany,Freiburg
70.0,3.0,1023,Germany,Freiburg
36.0,2.0,689,Germany,Freiburg
85.0,4.0,679,Germany,Freiburg
96.0,3.0,1039,Germany,Freiburg
40.0,2.0,668,Germany,Freiburg
60.0,2.0,418,Germany,Freiburg
37.0,2.0,626,Germany,Freiburg
82.0,3.0,1409,Germany,Freiburg
35.0,3.0,887,Germany,Freiburg
60.0,3.0,804,Germany,Freiburg
62.0,2.0,1112,Germany,Freiburg
100.0,5.0,522,Germany,Freiburg
60.0,2.0,705,Germany,Freiburg
55.0,2.0,1023,Germany,Freiburg
70.0,3.0,940,Germany,Freiburg
120.0,5.0,1,Germany,Freiburg
50.0,2.0,626,Germany,Freiburg
43.0,2.0,971,Germany,Freiburg
60.0,3.0,1397,Germany,Freiburg
50.0,2.0,908,Germany,Freiburg
45.0,2.0,783,Germany,Freiburg
50.0,2.0,887,Germany,Freiburg
56.0,2.0,898,Germany,Freiburg
65.0,2.0,877,Germany,Freiburg
64.0,3.0,835,Germany,Freiburg
40.0,2.0,626,Germany,Freiburg
70.0,2.0,1013,Germany,Freiburg
70.0,3.0,1389,Germany,Freiburg
52.0,2.0,783,Germany,Freiburg
43.0,2.0,699,Germany,Freiburg
37.0,2.0,574,Germany,Freiburg
93.0,4.0,1775,Germany,Freiburg
40.0,2.0,647,Germany,Freiburg
32.0,2.0,877,Germany,Freiburg
120.0,5.0,2506,Germany,Freiburg
75.0,3.0,1201,Germany,Freiburg
80.0,3.0,522,Germany,Freiburg
55.0,2.0,1086,Germany,Freiburg
55.0,2.0,574,Germany,Freiburg
39.0,1.0,668,Germany,Freiburg
48.0,2.0,940,Germany,Freiburg
42.0,1.0,689,Germany,Freiburg
58.0,1.0,1054,Germany,Freiburg
80.0,2.0,1044,Germany,Freiburg
55.0,2.0,626,Germany,Freiburg
62.0,3.0,658,Germany,Freiburg
57.0,2.0,1221,Germany,Freiburg
38.0,2.0,934,Germany,Freiburg
82.0,2.0,981,Germany,Freiburg
65.0,2.0,1472,Germany,Freiburg
12.0,4.0,354,Germany,Freiburg
90.0,4.0,1044,Germany,Freiburg
74.0,2.0,679,Germany,Freiburg
32.0,2.0,992,Germany,Freiburg
56.0,2.0,1117,Germany,Freiburg
50.0,2.0,699,Germany,Freiburg
17.0,5.0,386,Germany,Freiburg
50.0,2.0,846,Germany,Freiburg
33.0,2.0,665,Germany,Freiburg
50.0,2.0,209,Germany,Freiburg
40.0,3.0,835,Germany,Freiburg
35.0,2.0,574,Germany,Freiburg
38.0,2.0,940,Germany,Freiburg
68.0,2.0,710,Germany,Freiburg
42.0,2.0,689,Germany,Freiburg
57.0,2.0,1148,Germany,Freiburg
79.0,3.0,1096,Germany,Freiburg
70.0,3.0,1305,Germany,Freiburg
65.0,2.0,1044,Germany,Freiburg
120.0,5.0,2610,Germany,Freiburg
57.0,2.0,921,Germany,Freiburg
65.0,2.0,1305,Germany,Freiburg
80.0,3.0,1305,Germany,Freiburg
52.0,2.0,971,Germany,Freiburg
80.0,3.0,731,Germany,Freiburg
50.0,3.0,927,Germany,Freiburg
250.0,10.0,2714,Germany,Freiburg
40.0,2.0,887,Germany,Freiburg
47.0,2.0,928,Germany,Freiburg
50.0,2.0,731,Germany,Freiburg
72.0,2.0,734,Germany,Freiburg
56.0,2.0,919,Germany,Freiburg
96.0,3.0,825,Germany,Freiburg
40.0,2.0,714,Germany,Freiburg
80.0,3.0,1514,Germany,Freiburg
61.0,2.0,574,Germany,Freiburg
65.0,3.0,1451,Germany,Freiburg
90.0,2.0,1336,Germany,Freiburg
60.0,2.0,1023,Germany,Freiburg
10.0,4.0,404,Germany,Freiburg
43.0,2.0,825,Germany,Freiburg
52.0,2.0,846,Germany,Freiburg
51.0,2.0,1060,Germany,Freiburg
85.0,2.0,1044,Germany,Freiburg
60.0,3.0,574,Germany,Freiburg
35.0,2.0,887,Germany,Freiburg
51.0,2.0,1221,Germany,Freiburg
70.0,3.0,1128,Germany,Freiburg
59.0,2.0,908,Germany,Freiburg
50.0,2.0,814,Germany,Freiburg
60.0,2.0,731,Germany,Freiburg
53.0,2.0,887,Germany,Freiburg
70.0,2.0,992,Germany,Freiburg
88.0,3.0,992,Germany,Freiburg
69.0,3.0,616,Germany,Freiburg
54.0,2.0,898,Germany,Freiburg
47.0,2.0,799,Germany,Freiburg
40.0,2.0,814,Germany,Freiburg
60.0,2.0,783,Germany,Freiburg
65.0,3.0,1305,Germany,Freiburg
42.0,2.0,611,Germany,Freiburg
77.0,2.0,992,Germany,Freiburg
44.0,1.0,574,Germany,Freiburg
54.0,2.0,783,Germany,Freiburg
82.0,4.0,1681,Germany,Freiburg
130.0,2.0,1409,Germany,Freiburg
52.0,2.0,584,Germany,Freiburg
80.0,3.0,1044,Germany,Freiburg
52.0,2.0,762,Germany,Freiburg
87.0,3.0,976,Germany,Freiburg
55.0,3.0,1190,Germany,Freiburg
20.0,1.0,261,Germany,Freiburg
86.0,3.0,1305,Germany,Freiburg
35.0,2.0,386,Germany,Freiburg
15.0,4.0,369,Germany,Freiburg
80.0,3.0,940,Germany,Freiburg
100.0,3.0,1462,Germany,Freiburg
55.0,2.0,887,Germany,Freiburg
112.0,3.0,1357,Germany,Freiburg
93.0,3.0,1201,Germany,Freiburg
61.0,2.0,856,Germany,Freiburg
58.0,2.0,689,Germany,Freiburg
12.0,1.0,313,Germany,Freiburg
14.0,1.0,386,Germany,Freiburg
50.0,2.0,804,Germany,Freiburg
60.0,2.0,1117,Germany,Freiburg
50.0,2.0,1159,Germany,Freiburg
35.0,2.0,626,Germany,Freiburg
53.0,2.0,907,Germany,Freiburg
68.0,3.0,825,Germany,Freiburg
89.0,3.0,1305,Germany,Freiburg
61.0,3.0,762,Germany,Freiburg
60.0,3.0,992,Germany,Freiburg
99.0,4.0,1735,Germany,Freiburg
75.0,2.0,1253,Germany,Freiburg
63.0,2.0,804,Germany,Freiburg
50.0,2.0,899,Germany,Freiburg
75.0,3.0,940,Germany,Freiburg
40.0,2.0,865,Germany,Freiburg
45.0,2.0,825,Germany,Freiburg
95.0,4.0,1462,Germany,Freiburg
81.0,3.0,1482,Germany,Freiburg
62.0,3.0,939,Germany,Freiburg
60.0,2.0,799,Germany,Freiburg
80.0,2.0,345,Germany,Freiburg
47.0,2.0,752,Germany,Freiburg
56.0,3.0,731,Germany,Freiburg
125.0,6.0,1670,Germany,Freiburg
99.0,3.0,1795,Germany,Freiburg
95.0,4.0,1357,Germany,Freiburg
46.0,2.0,773,Germany,Freiburg
37.0,2.0,992,Germany,Freiburg
74.0,3.0,1430,Germany,Freiburg
80.0,3.0,1566,Germany,Freiburg
55.0,3.0,710,Germany,Freiburg
49.0,2.0,679,Germany,Freiburg
40.0,2.0,767,Germany,Freiburg
43.0,1.0,825,Germany,Freiburg
74.0,3.0,1670,Germany,Freiburg
58.0,2.0,992,Germany,Freiburg
18.0,1.0,345,Germany,Freiburg
75.0,2.0,1086,Germany,Freiburg
112.0,3.0,835,Germany,Freiburg
68.0,2.0,835,Germany,Freiburg
120.0,4.0,1514,Germany,Freiburg
46.0,2.0,574,Germany,Freiburg
38.0,1.0,679,Germany,Freiburg
94.0,3.0,1333,Germany,Freiburg
63.0,2.0,1148,Germany,Freiburg
49.0,2.0,606,Germany,Freiburg
65.0,2.0,407,Germany,Freiburg
51.0,2.0,1044,Germany,Freiburg
48.0,2.0,830,Germany,Freiburg
63.0,2.0,877,Germany,Freiburg
97.0,4.0,1805,Germany,Freiburg
52.0,2.0,1034,Germany,Freiburg
45.0,2.0,715,Germany,Freiburg
81.0,3.0,1608,Germany,Freiburg
65.0,2.0,1357,Germany,Freiburg
53.0,1.0,1138,Germany,Freiburg
85.0,4.0,1039,Germany,Freiburg
53.0,2.0,626,Germany,Freiburg
65.0,2.0,1034,Germany,Freiburg
50.0,3.0,778,Germany,Freiburg
71.0,2.0,1159,Germany,Freiburg
45.0,2.0,672,Germany,Freiburg
45.0,2.0,1065,Germany,Freiburg
69.0,2.0,517,Germany,Freiburg
55.0,2.0,1357,Germany,Freiburg
47.0,2.0,783,Germany,Freiburg
50.0,2.0,1271,Germany,Freiburg
63.0,2.0,715,Germany,Freiburg
56.0,2.0,1143,Germany,Freiburg
110.0,4.0,1357,Germany,Freiburg
60.0,2.0,825,Germany,Freiburg
46.0,2.0,632,Germany,Freiburg
50.0,2.0,480,Germany,Freiburg
61.0,2.0,908,Germany,Freiburg
83.0,3.0,1502,Germany,Freiburg
39.0,1.0,590,Germany,Freiburg
20.0,1.0,392,Germany,Freiburg
110.0,3.0,428,Germany,Freiburg
210.0,6.0,3132,Germany,Freiburg
100.0,4.0,1357,Germany,Freiburg
17.0,2.0,449,Germany,Freiburg
67.0,2.0,992,Germany,Freiburg
38.0,2.0,762,Germany,Freiburg
48.0,2.0,731,Germany,Freiburg
35.0,2.0,585,Germany,Freiburg
75.0,3.0,741,Germany,Freiburg
70.0,2.0,877,Germany,Freiburg
30.0,2.0,679,Germany,Freiburg
41.0,2.0,727,Germany,Freiburg
77.0,3.0,1211,Germany,Freiburg
40.0,2.0,663,Germany,Freiburg
96.0,4.0,1013,Germany,Freiburg
108.0,4.0,1587,Germany,Freiburg
100.0,5.0,449,Germany,Freiburg
70.0,2.0,731,Germany,Freiburg
95.0,3.0,1670,Germany,Freiburg
95.0,4.0,1420,Germany,Freiburg
67.0,3.0,1148,Germany,Freiburg
75.0,3.0,1462,Germany,Freiburg
44.0,2.0,879,Germany,Freiburg
85.0,3.0,1242,Germany,Freiburg
50.0,2.0,809,Germany,Freiburg
56.0,2.0,887,Germany,Freiburg
89.0,4.0,1775,Germany,Freiburg
40.0,2.0,680,Germany,Freiburg
46.0,2.0,1044,Germany,Freiburg
60.0,3.0,1044,Germany,Freiburg
39.0,2.0,731,Germany,Freiburg
90.0,3.0,1462,Germany,Freiburg
44.0,2.0,658,Germany,Freiburg
65.0,2.0,574,Germany,Freiburg
62.0,2.0,1044,Germany,Freiburg
60.0,3.0,835,Germany,Freiburg
91.0,3.0,1206,Germany,Freiburg
58.0,2.0,835,Germany,Freiburg
75.0,3.0,997,Germany,Freiburg
95.0,4.0,418,Germany,Freiburg
72.0,3.0,825,Germany,Freiburg
64.0,2.0,522,Germany,Freiburg
72.0,2.0,708,Germany,Freiburg
60.0,2.0,804,Germany,Freiburg
40.0,2.0,825,Germany,Freiburg
82.0,3.0,1148,Germany,Freiburg
115.0,3.0,1253,Germany,Freiburg
90.0,4.0,731,Germany,Freiburg
100.0,3.0,1984,Germany,Freiburg
120.0,2.0,2506,Germany,Freiburg
50.0,2.0,856,Germany,Freiburg
100.0,4.0,1608,Germany,Freiburg
73.0,4.0,783,Germany,Freiburg
69.0,2.0,1159,Germany,Freiburg
10.0,1.0,99,Germany,Freiburg
113.0,4.0,1780,Germany,Freiburg
86.0,3.0,887,Germany,Freiburg
76.0,3.0,950,Germany,Freiburg
47.0,2.0,835,Germany,Freiburg
71.0,3.0,1148,Germany,Freiburg
58.0,3.0,647,Germany,Freiburg
54.0,2.0,927,Germany,Freiburg
55.0,2.0,679,Germany,Freiburg
55.0,2.0,981,Germany,Freiburg
45.0,2.0,720,Germany,Freiburg
64.0,3.0,638,Germany,Freiburg
86.0,3.0,992,Germany,Freiburg
86.0,2.0,1305,Germany,Freiburg
50.0,2.0,1284,Germany,Freiburg
56.0,2.0,981,Germany,Freiburg
58.0,2.0,773,Germany,Freiburg
110.0,4.0,1566,Germany,Freiburg
53.0,2.0,940,Germany,Freiburg
43.0,1.0,606,Germany,Freiburg
120.0,3.0,2245,Germany,Freiburg
84.0,3.0,1409,Germany,Freiburg
82.0,3.0,1023,Germany,Freiburg
34.0,2.0,543,Germany,Freiburg
98.0,4.0,1357,Germany,Freiburg
43.0,2.0,652,Germany,Freiburg
106.0,2.0,702,Germany,Freiburg
89.0,3.0,1253,Germany,Freiburg
85.0,3.0,1253,Germany,Freiburg
39.0,2.0,616,Germany,Freiburg
35.0,1.0,616,Germany,Freiburg
63.0,2.0,762,Germany,Freiburg
78.0,2.0,893,Germany,Freiburg
49.0,2.0,835,Germany,Freiburg
94.0,4.0,1096,Germany,Freiburg
63.0,3.0,47,Germany,Freiburg
49.0,2.0,1044,Germany,Freiburg
54.0,2.0,1096,Germany,Freiburg
93.0,3.0,1357,Germany,Freiburg
60.0,2.0,1420,Germany,Freiburg
70.0,2.0,1201,Germany,Freiburg
68.0,2.0,574,Germany,Freiburg
101.0,4.0,870,Germany,Freiburg
43.0,2.0,654,Germany,Freiburg
112.0,4.0,647,Germany,Freiburg
11.0,1.0,397,Germany,Freiburg
74.0,2.0,1044,Germany,Freiburg
60.0,2.0,726,Germany,Freiburg
85.0,3.0,1488,Germany,Freiburg
65.0,2.0,835,Germany,Freiburg
76.0,3.0,1472,Germany,Freiburg
70.0,4.0,1305,Germany,Freiburg
65.0,2.0,934,Germany,Freiburg
105.0,4.0,1138,Germany,Freiburg
82.0,3.0,1284,Germany,Freiburg
54.0,2.0,877,Germany,Freiburg
85.0,3.0,1514,Germany,Freiburg
50.0,2.0,397,Germany,Freiburg
59.0,2.0,851,Germany,Freiburg
40.0,2.0,1096,Germany,Freiburg
67.0,3.0,706,Germany,Freiburg
38.0,2.0,689,Germany,Freiburg
60.0,3.0,1357,Germany,Freiburg
79.0,2.0,950,Germany,Freiburg
85.0,3.0,1089,Germany,Freiburg
78.0,3.0,1618,Germany,Freiburg
60.0,3.0,940,Germany,Freiburg
56.0,2.0,1091,Germany,Freiburg
18.0,3.0,386,Germany,Freiburg
95.0,4.0,1409,Germany,Freiburg
50.0,2.0,877,Germany,Freiburg
81.0,3.0,1148,Germany,Freiburg
65.0,3.0,971,Germany,Freiburg
59.0,2.0,574,Germany,Freiburg
40.0,2.0,538,Germany,Freiburg
62.0,3.0,679,Germany,Freiburg
44.0,2.0,548,Germany,Freiburg
44.0,2.0,856,Germany,Freiburg
43.0,2.0,773,Germany,Freiburg
98.0,4.0,1947,Germany,Freiburg
55.0,2.0,783,Germany,Freiburg
67.0,3.0,940,Germany,Freiburg
90.0,4.0,1347,Germany,Freiburg
60.0,2.0,574,Germany,Freiburg
51.0,2.0,658,Germany,Freiburg
75.0,3.0,313,Germany,Freiburg
73.0,3.0,1201,Germany,Freiburg
50.0,2.0,553,Germany,Freiburg
43.0,2.0,804,Germany,Freiburg
38.0,1.0,539,Germany,Freiburg
70.0,2.0,1148,Germany,Freiburg
95.0,3.0,1451,Germany,Freiburg
80.0,3.0,1242,Germany,Freiburg
60.0,2.0,736,Germany,Freiburg
56.0,2.0,538,Germany,Freiburg
78.0,3.0,908,Germany,Freiburg
54.0,2.0,773,Germany,Freiburg
60.0,2.0,1060,Germany,Freiburg
100.0,4.0,2088,Germany,Freiburg
47.0,2.0,818,Germany,Freiburg
65.0,2.0,929,Germany,Freiburg
33.0,2.0,574,Germany,Freiburg
60.0,2.0,971,Germany,Freiburg
77.0,2.0,626,Germany,Freiburg
51.0,2.0,731,Germany,Freiburg
39.0,2.0,658,Germany,Freiburg
45.0,2.0,752,Germany,Freiburg
45.0,2.0,788,Germany,Freiburg
71.0,3.0,1566,Germany,Freiburg
36.0,2.0,470,Germany,Freiburg
57.0,2.0,908,Germany,Freiburg
40.0,2.0,652,Germany,Freiburg
76.0,3.0,1430,Germany,Freiburg
78.0,3.0,830,Germany,Freiburg
65.0,2.0,731,Germany,Freiburg
56.0,2.0,418,Germany,Freiburg
85.0,2.0,992,Germany,Freiburg
65.0,3.0,459,Germany,Freiburg
49.0,2.0,908,Germany,Freiburg
70.0,3.0,574,Germany,Freiburg
35.0,2.0,616,Germany,Freiburg
44.0,2.0,585,Germany,Freiburg
76.0,2.0,1028,Germany,Freiburg
65.0,3.0,856,Germany,Freiburg
85.0,4.0,590,Germany,Freiburg
58.0,2.0,940,Germany,Freiburg
17.0,1.0,428,Germany,Freiburg
53.0,2.0,835,Germany,Freiburg
60.0,2.0,762,Germany,Freiburg
45.0,2.0,960,Germany,Freiburg
130.0,1.0,1429,Germany,Freiburg
56.0,2.0,1116,Germany,Freiburg
90.0,3.0,522,Germany,Freiburg
35.0,2.0,579,Germany,Freiburg
78.0,3.0,1044,Germany,Freiburg
58.0,2.0,783,Germany,Freiburg
70.0,3.0,1044,Germany,Freiburg
73.0,2.0,1044,Germany,Freiburg
95.0,3.0,1357,Germany,Freiburg
52.0,2.0,673,Germany,Freiburg
63.0,3.0,835,Germany,Freiburg
130.0,3.0,1723,Germany,Freiburg
66.0,2.0,908,Germany,Freiburg
60.0,2.0,867,Germany,Freiburg
72.0,2.0,488,Germany,Freiburg
52.0,2.0,887,Germany,Freiburg
78.0,3.0,1148,Germany,Freiburg
44.0,2.0,595,Germany,Freiburg
90.0,4.0,1670,Germany,Freiburg
43.0,2.0,940,Germany,Freiburg
38.0,2.0,908,Germany,Freiburg
56.0,2.0,1044,Germany,Freiburg
70.0,2.0,574,Germany,Freiburg
45.0,2.0,68,Germany,Freiburg
56.0,2.0,626,Germany,Freiburg
55.0,2.0,699,Germany,Freiburg
14.0,3.0,835,Germany,Freiburg
120.0,4.0,84,Germany,Freiburg
40.0,2.0,553,Germany,Freiburg
80.0,3.0,1357,Germany,Freiburg
61.0,2.0,835,Germany,Freiburg
48.0,2.0,1096,Germany,Freiburg
120.0,4.0,1858,Germany,Freiburg
100.0,5.0,2720,Germany,Freiburg
44.0,2.0,835,Germany,Freiburg
59.0,2.0,595,Germany,Freiburg
77.0,3.0,950,Germany,Freiburg
37.0,2.0,616,Germany,Freiburg
75.0,4.0,1441,Germany,Freiburg
58.0,2.0,846,Germany,Freiburg
37.0,2.0,981,Germany,Freiburg
40.0,2.0,606,Germany,Freiburg
48.0,2.0,652,Germany,Freiburg
100.0,3.0,1148,Germany,Freiburg
45.0,2.0,522,Germany,Freiburg
46.0,2.0,686,Germany,Freiburg
66.0,3.0,1112,Germany,Freiburg
176.0,5.0,1451,Germany,Freiburg
60.0,2.0,626,Germany,Freiburg
55.0,2.0,992,Germany,Freiburg
70.0,2.0,1357,Germany,Freiburg
40.0,2.0,470,Germany,Freiburg
40.0,2.0,835,Germany,Freiburg
65.0,2.0,1002,Germany,Freiburg
241.0,5.0,10,Germany,Freiburg
60.0,3.0,1177,Germany,Freiburg
33.0,1.0,592,Germany,Freiburg
45.0,2.0,877,Germany,Freiburg
80.0,3.0,1441,Germany,Freiburg
44.0,2.0,971,Germany,Freiburg
57.0,3.0,1026,Germany,Freiburg
100.0,3.0,1305,Germany,Freiburg
70.0,3.0,1597,Germany,Freiburg
80.0,3.0,1462,Germany,Freiburg
70.0,2.0,1253,Germany,Freiburg
68.0,3.0,741,Germany,Freiburg
60.0,3.0,971,Germany,Freiburg
45.0,2.0,470,Germany,Freiburg
65.0,2.0,699,Germany,Freiburg
36.0,2.0,606,Germany,Freiburg
75.0,2.0,846,Germany,Freiburg
60.0,2.0,877,Germany,Freiburg
55.0,2.0,762,Germany,Freiburg
38.0,2.0,679,Germany,Freiburg
25.0,2.0,626,Germany,Freiburg
45.0,2.0,867,Germany,Freiburg
49.0,2.0,783,Germany,Freiburg
82.0,2.0,606,Germany,Freiburg
68.0,2.0,1091,Germany,Freiburg
45.0,2.0,835,Germany,Freiburg
65.0,3.0,950,Germany,Freiburg
15.0,1.0,334,Germany,Freiburg
68.0,2.0,1044,Germany,Freiburg
45.0,2.0,658,Germany,Freiburg
65.0,3.0,731,Germany,Freiburg
75.0,3.0,1253,Germany,Freiburg
60.0,2.0,1013,Germany,Freiburg
89.0,2.0,1326,Germany,Freiburg
76.0,4.0,1148,Germany,Freiburg
105.0,5.0,1895,Germany,Freiburg
81.0,3.0,1514,Germany,Freiburg
61.0,2.0,971,Germany,Freiburg
36.0,2.0,626,Germany,Freiburg
35.0,2.0,940,Germany,Freiburg
80.0,3.0,2297,Germany,Freiburg
90.0,3.0,1775,Germany,Freiburg
68.0,2.0,971,Germany,Freiburg
52.0,2.0,1148,Germany,Freiburg
200.0,7.0,313,Germany,Freiburg
120.0,4.0,1817,Germany,Freiburg
105.0,4.0,1723,Germany,Freiburg
55.0,2.0,663,Germany,Freiburg
40.0,2.0,611,Germany,Freiburg
65.0,2.0,1253,Germany,Freiburg
72.0,3.0,1044,Germany,Freiburg
38.0,2.0,783,Germany,Freiburg
100.0,3.0,1931,Germany,Freiburg
66.0,2.0,679,Germany,Freiburg
34.0,1.0,423,Germany,Freiburg
36.0,2.0,376,Germany,Freiburg
64.0,3.0,1378,Germany,Freiburg
76.0,3.0,1143,Germany,Freiburg
52.0,2.0,658,Germany,Freiburg
60.0,3.0,867,Germany,Freiburg
110.0,4.0,1409,Germany,Freiburg
80.0,2.0,1357,Germany,Freiburg
57.0,2.0,778,Germany,Freiburg
70.0,2.0,887,Germany,Freiburg
40.0,2.0,971,Germany,Freiburg
85.0,3.0,1409,Germany,Freiburg
14.0,1.0,345,Germany,Freiburg
100.0,3.0,1453,Germany,Freiburg
46.0,2.0,579,Germany,Freiburg
45.0,2.0,919,Germany,Freiburg
42.0,2.0,1018,Germany,Freiburg
11.0,2.0,157,Germany,Freiburg
55.0,2.0,1096,Germany,Freiburg
53.0,2.0,668,Germany,Freiburg
84.0,3.0,1326,Germany,Freiburg
85.0,3.0,955,Germany,Freiburg
90.0,4.0,1754,Germany,Freiburg
39.0,2.0,574,Germany,Freiburg
48.0,2.0,825,Germany,Freiburg
57.0,2.0,752,Germany,Freiburg
44.0,2.0,630,Germany,Freiburg
45.0,2.0,668,Germany,Freiburg
54.0,2.0,840,Germany,Freiburg
53.0,2.0,762,Germany,Freiburg
87.0,3.0,992,Germany,Freiburg
53.0,2.0,710,Germany,Freiburg
41.0,2.0,637,Germany,Freiburg
99.0,3.5,3500,Switzerland,Basel
45.0,1.0,1450,Switzerland,Basel
48.0,2.0,1550,Switzerland,Basel
77.0,3.0,1830,Switzerland,Basel
54.0,1.0,1840,Switzerland,Basel
77.0,2.5,1914,Switzerland,Basel
74.0,2.5,1950,Switzerland,Basel
67.0,2.5,2090,Switzerland,Basel
90.0,3.5,2440,Switzerland,Basel
96.0,1.5,2440,Switzerland,Basel
77.0,2.5,2450,Switzerland,Basel
94.0,2.5,2470,Switzerland,Basel
96.0,3.0,2750,Switzerland,Basel
140.0,5.5,2950,Switzerland,Basel
106.0,3.5,2995,Switzerland,Basel
136.0,3.5,3525,Switzerland,Basel
121.0,5.0,3550,Switzerland,Basel
140.0,4.5,4125,Switzerland,Basel
123.0,3.5,4520,Switzerland,Basel
16.0,1.0,742,Switzerland,Basel
31.0,1.0,760,Switzerland,Basel
30.0,1.0,950,Switzerland,Basel
45.0,1.5,960,Switzerland,Basel
33.0,1.0,990,Switzerland,Basel
40.0,1.0,1000,Switzerland,Basel
32.0,1.0,1000,Switzerland,Basel
30.0,1.0,1098,Switzerland,Basel
44.0,1.5,1210,Switzerland,Basel
50.0,1.0,1230,Switzerland,Basel
35.0,1.5,1275,Switzerland,Basel
46.0,2.0,1290,Switzerland,Basel
57.0,2.5,1310,Switzerland,Basel
63.0,2.0,1350,Switzerland,Basel
59.0,2.0,1450,Switzerland,Basel
57.0,2.0,1465,Switzerland,Basel
80.0,3.0,1490,Switzerland,Basel
60.0,3.0,1530,Switzerland,Basel
51.0,1.5,1565,Switzerland,Basel
70.0,2.5,1580,Switzerland,Basel
74.0,3.0,1590,Switzerland,Basel
67.0,3.0,1650,Switzerland,Basel
63.0,2.0,1650,Switzerland,Basel
50.0,2.0,1680,Switzerland,Basel
77.0,3.0,1690,Switzerland,Basel
65.0,3.0,1700,Switzerland,Basel
77.0,3.0,1725,Switzerland,Basel
82.0,3.0,1770,Switzerland,Basel
60.0,2.5,1800,Switzerland,Basel
80.0,3.0,1830,Switzerland,Basel
68.0,3.0,1850,Switzerland,Basel
65.0,2.0,1865,Switzerland,Basel
85.0,3.0,1900,Switzerland,Basel
87.0,3.0,1900,Switzerland,Basel
76.0,2.5,1900,Switzerland,Basel
80.0,3.5,1920,Switzerland,Basel
81.0,3.0,1940,Switzerland,Basel
69.0,2.0,1950,Switzerland,Basel
66.0,1.5,1960,Switzerland,Basel
65.0,2.5,1980,Switzerland,Basel
82.0,2.5,2100,Switzerland,Basel
86.0,3.5,2110,Switzerland,Basel
81.0,4.0,2180,Switzerland,Basel
77.0,3.0,2190,Switzerland,Basel
85.0,4.0,2198,Switzerland,Basel
103.0,3.5,2245,Switzerland,Basel
89.0,3.5,2250,Switzerland,Basel
89.0,2.5,2290,Switzerland,Basel
80.0,2.5,2400,Switzerland,Basel
105.0,4.0,2450,Switzerland,Basel
109.0,3.5,2450,Switzerland,Basel
86.0,2.5,2490,Switzerland,Basel
106.0,3.5,2500,Switzerland,Basel
85.0,2.5,2500,Switzerland,Basel
88.0,4.5,2550,Switzerland,Basel
96.0,3.5,2550,Switzerland,Basel
92.0,2.5,2550,Switzerland,Basel
100.0,3.5,2590,Switzerland,Basel
113.0,4.0,2650,Switzerland,Basel
105.0,4.0,2680,Switzerland,Basel
120.0,2.5,2690,Switzerland,Basel
147.0,3.5,2700,Switzerland,Basel
80.0,3.0,2700,Switzerland,Basel
101.0,3.0,2710,Switzerland,Basel
160.0,4.0,2770,Switzerland,Basel
105.0,3.5,2780,Switzerland,Basel
89.0,2.5,2804,Switzerland,Basel
86.0,2.5,2810,Switzerland,Basel
108.0,3.5,2825,Switzerland,Basel
125.0,5.0,2950,Switzerland,Basel
127.0,3.5,3010,Switzerland,Basel
104.0,4.5,3090,Switzerland,Basel
128.0,2.5,3105,Switzerland,Basel
125.0,4.5,3190,Switzerland,Basel
130.0,4.5,3290,Switzerland,Basel
110.0,3.5,3355,Switzerland,Basel
113.0,4.5,3408,Switzerland,Basel
130.0,3.5,3450,Switzerland,Basel
113.0,2.5,3470,Switzerland,Basel
110.0,2.5,3600,Switzerland,Basel
150.0,6.5,3650,Switzerland,Basel
150.0,6.0,3750,Switzerland,Basel
138.0,3.5,3790,Switzerland,Basel
150.0,5.5,4600,Switzerland,Basel
195.0,2.0,4850,Switzerland,Basel
153.0,3.5,5950,Switzerland,Basel
11.0,1.0,200,Switzerland,Basel
19.0,1.0,510,Switzerland,Basel
32.0,1.5,820,Switzerland,Basel
32.0,1.0,900,Switzerland,Basel
73.0,2.5,1055,Switzerland,Basel
45.0,2.0,1080,Switzerland,Basel
65.0,2.5,1090,Switzerland,Basel
58.0,2.0,1100,Switzerland,Basel
49.0,2.0,1100,Switzerland,Basel
94.0,4.5,1185,Switzerland,Basel
72.0,2.0,1190,Switzerland,Basel
58.0,2.0,1220,Switzerland,Basel
84.0,3.5,1250,Switzerland,Basel
52.0,2.0,1260,Switzerland,Basel
51.0,2.0,1290,Switzerland,Basel
48.0,2.5,1315,Switzerland,Basel
52.0,2.0,1320,Switzerland,Basel
64.0,3.0,1330,Switzerland,Basel
51.0,2.0,1330,Switzerland,Basel
51.0,2.0,1350,Switzerland,Basel
62.0,2.0,1350,Switzerland,Basel
51.0,2.0,1360,Switzerland,Basel
66.0,2.0,1385,Switzerland,Basel
81.0,2.5,1390,Switzerland,Basel
62.0,2.0,1390,Switzerland,Basel
54.0,2.0,1390,Switzerland,Basel
62.0,3.0,1420,Switzerland,Basel
65.0,3.0,1420,Switzerland,Basel
61.0,3.0,1420,Switzerland,Basel
65.0,3.0,1435,Switzerland,Basel
51.0,2.5,1450,Switzerland,Basel
61.0,3.0,1465,Switzerland,Basel
58.0,2.0,1470,Switzerland,Basel
61.0,3.0,1475,Switzerland,Basel
72.0,3.0,1515,Switzerland,Basel
55.0,2.0,1530,Switzerland,Basel
65.0,2.5,1540,Switzerland,Basel
74.0,3.0,1553,Switzerland,Basel
74.0,3.5,1590,Switzerland,Basel
67.0,3.0,1590,Switzerland,Basel
65.0,2.0,1590,Switzerland,Basel
75.0,3.0,1600,Switzerland,Basel
72.0,2.5,1600,Switzerland,Basel
70.0,3.5,1610,Switzerland,Basel
65.0,3.0,1610,Switzerland,Basel
72.0,3.0,1625,Switzerland,Basel
68.0,2.0,1635,Switzerland,Basel
63.0,3.0,1655,Switzerland,Basel
55.0,2.5,1655,Switzerland,Basel
74.0,3.0,1660,Switzerland,Basel
131.0,5.5,1670,Switzerland,Basel
67.0,3.0,1670,Switzerland,Basel
72.0,3.0,1670,Switzerland,Basel
74.0,3.5,1720,Switzerland,Basel
56.0,2.0,1720,Switzerland,Basel
73.0,3.0,1755,Switzerland,Basel
69.0,2.0,1760,Switzerland,Basel
84.0,3.5,1770,Switzerland,Basel
75.0,3.0,1790,Switzerland,Basel
62.0,2.5,1790,Switzerland,Basel
72.0,3.0,1805,Switzerland,Basel
65.0,2.0,1810,Switzerland,Basel
74.0,2.5,1815,Switzerland,Basel
86.0,4.5,1820,Switzerland,Basel
76.0,3.5,1820,Switzerland,Basel
133.0,5.5,1845,Switzerland,Basel
78.0,3.0,1845,Switzerland,Basel
88.0,4.0,1890,Switzerland,Basel
82.0,3.0,1900,Switzerland,Basel
72.0,3.5,1910,Switzerland,Basel
90.0,3.5,1920,Switzerland,Basel
86.0,4.5,1940,Switzerland,Basel
72.0,3.5,1940,Switzerland,Basel
70.0,3.5,1950,Switzerland,Basel
80.0,3.0,1950,Switzerland,Basel
70.0,3.0,1950,Switzerland,Basel
91.0,3.0,1959,Switzerland,Basel
78.0,3.5,1970,Switzerland,Basel
84.0,3.5,1980,Switzerland,Basel
84.0,3.5,1990,Switzerland,Basel
69.0,3.5,1996,Switzerland,Basel
71.0,3.5,2000,Switzerland,Basel
76.0,3.0,2020,Switzerland,Basel
105.0,4.5,2025,Switzerland,Basel
82.0,4.0,2045,Switzerland,Basel
95.0,3.0,2080,Switzerland,Basel
78.0,3.0,2090,Switzerland,Basel
63.0,3.5,2100,Switzerland,Basel
92.0,3.5,2110,Switzerland,Basel
114.0,3.5,2120,Switzerland,Basel
69.0,3.5,2130,Switzerland,Basel
131.0,6.0,2150,Switzerland,Basel
102.0,3.5,2150,Switzerland,Basel
90.0,2.5,2150,Switzerland,Basel
109.0,4.5,2170,Switzerland,Basel
78.0,3.5,2220,Switzerland,Basel
90.0,3.0,2220,Switzerland,Basel
103.0,3.5,2230,Switzerland,Basel
110.0,3.5,2255,Switzerland,Basel
125.0,5.5,2265,Switzerland,Basel
75.0,3.5,2280,Switzerland,Basel
80.0,3.0,2320,Switzerland,Basel
70.0,3.0,2390,Switzerland,Basel
100.0,3.5,2420,Switzerland,Basel
82.0,2.5,2470,Switzerland,Basel
70.0,2.0,2555,Switzerland,Basel
120.0,4.0,2650,Switzerland,Basel
120.0,4.0,2670,Switzerland,Basel
85.0,3.0,2700,Switzerland,Basel
110.0,4.0,2710,Switzerland,Basel
88.0,3.5,2750,Switzerland,Basel
82.0,3.5,2750,Switzerland,Basel
120.0,4.0,2798,Switzerland,Basel
123.0,3.5,2900,Switzerland,Basel
100.0,4.0,2920,Switzerland,Basel
107.0,3.5,2931,Switzerland,Basel
87.0,3.5,3110,Switzerland,Basel
123.0,4.0,3155,Switzerland,Basel
124.0,5.0,3365,Switzerland,Basel
158.0,3.5,3420,Switzerland,Basel
143.0,5.0,3480,Switzerland,Basel
120.0,4.5,3650,Switzerland,Basel
104.0,4.5,3680,Switzerland,Basel
155.0,6.5,3885,Switzerland,Basel
147.0,4.5,4260,Switzerland,Basel
186.0,6.0,4490,Switzerland,Basel
153.0,5.0,5300,Switzerland,Basel
34.0,1.0,785,Switzerland,Basel
36.0,1.5,790,Switzerland,Basel
33.0,1.0,840,Switzerland,Basel
23.0,1.0,900,Switzerland,Basel
50.0,2.0,990,Switzerland,Basel
41.0,2.0,990,Switzerland,Basel
30.0,1.0,1000,Switzerland,Basel
45.0,1.5,1010,Switzerland,Basel
30.0,1.5,1030,Switzerland,Basel
36.0,1.5,1042,Switzerland,Basel
36.0,1.5,1060,Switzerland,Basel
39.0,1.5,1070,Switzerland,Basel
29.0,1.0,1120,Switzerland,Basel
38.0,1.5,1145,Switzerland,Basel
62.0,2.5,1155,Switzerland,Basel
45.0,2.5,1190,Switzerland,Basel
31.0,1.5,1190,Switzerland,Basel
29.0,1.0,1190,Switzerland,Basel
45.0,2.0,1240,Switzerland,Basel
57.0,2.0,1250,Switzerland,Basel
15.0,1.0,1250,Switzerland,Basel
67.0,2.0,1270,Switzerland,Basel
66.0,3.0,1290,Switzerland,Basel
50.0,2.0,1295,Switzerland,Basel
58.0,2.5,1310,Switzerland,Basel
50.0,2.5,1320,Switzerland,Basel
65.0,2.5,1325,Switzerland,Basel
70.0,3.0,1350,Switzerland,Basel
57.0,2.0,1350,Switzerland,Basel
50.0,2.0,1350,Switzerland,Basel
52.0,2.5,1380,Switzerland,Basel
38.0,2.5,1380,Switzerland,Basel
51.0,2.0,1400,Switzerland,Basel
75.0,3.0,1410,Switzerland,Basel
48.0,2.5,1415,Switzerland,Basel
46.0,1.5,1415,Switzerland,Basel
64.0,3.0,1420,Switzerland,Basel
58.0,2.5,1420,Switzerland,Basel
53.0,2.0,1440,Switzerland,Basel
68.0,3.0,1450,Switzerland,Basel
70.0,3.0,1450,Switzerland,Basel
30.0,1.5,1450,Switzerland,Basel
20.0,1.5,1450,Switzerland,Basel
68.0,3.0,1460,Switzerland,Basel
49.0,1.5,1470,Switzerland,Basel
60.0,3.0,1490,Switzerland,Basel
56.0,2.5,1490,Switzerland,Basel
62.0,2.0,1495,Switzerland,Basel
70.0,3.0,1499,Switzerland,Basel
65.0,3.0,1500,Switzerland,Basel
66.0,2.5,1500,Switzerland,Basel
56.0,2.0,1525,Switzerland,Basel
69.0,3.0,1550,Switzerland,Basel
69.0,3.5,1570,Switzerland,Basel
63.0,2.5,1590,Switzerland,Basel
53.0,2.5,1590,Switzerland,Basel
76.0,3.5,1600,Switzerland,Basel
37.0,2.5,1600,Switzerland,Basel
72.0,3.0,1610,Switzerland,Basel
93.0,4.0,1625,Switzerland,Basel
53.0,2.5,1625,Switzerland,Basel
68.0,3.0,1640,Switzerland,Basel
78.0,3.0,1640,Switzerland,Basel
69.0,2.5,1656,Switzerland,Basel
65.0,1.5,1680,Switzerland,Basel
73.0,3.5,1690,Switzerland,Basel
80.0,4.0,1700,Switzerland,Basel
74.0,3.0,1700,Switzerland,Basel
72.0,3.0,1700,Switzerland,Basel
71.0,2.5,1710,Switzerland,Basel
83.0,4.0,1720,Switzerland,Basel
74.0,3.0,1740,Switzerland,Basel
65.0,1.5,1740,Switzerland,Basel
78.0,3.5,1790,Switzerland,Basel
83.0,3.0,1790,Switzerland,Basel
75.0,3.5,1800,Switzerland,Basel
77.0,3.0,1800,Switzerland,Basel
100.0,2.5,1810,Switzerland,Basel
62.0,3.0,1820,Switzerland,Basel
66.0,3.0,1820,Switzerland,Basel
88.0,3.5,1830,Switzerland,Basel
78.0,3.5,1840,Switzerland,Basel
70.0,2.5,1840,Switzerland,Basel
75.0,3.5,1880,Switzerland,Basel
72.0,2.5,1882,Switzerland,Basel
90.0,3.0,1890,Switzerland,Basel
78.0,3.5,1900,Switzerland,Basel
87.0,3.5,1900,Switzerland,Basel
93.0,3.5,1930,Switzerland,Basel
100.0,3.0,1940,Switzerland,Basel
78.0,3.5,1980,Switzerland,Basel
135.0,4.5,1985,Switzerland,Basel
90.0,4.5,1985,Switzerland,Basel
80.0,3.0,1995,Switzerland,Basel
76.0,3.0,2030,Switzerland,Basel
93.0,3.5,2086,Switzerland,Basel
90.0,4.5,2145,Switzerland,Basel
80.0,3.5,2150,Switzerland,Basel
95.0,3.5,2190,Switzerland,Basel
95.0,2.5,2250,Switzerland,Basel
108.0,4.5,2310,Switzerland,Basel
101.0,3.5,2385,Switzerland,Basel
90.0,4.0,2400,Switzerland,Basel
100.0,4.0,2450,Switzerland,Basel
110.0,3.0,2490,Switzerland,Basel
105.0,4.5,2510,Switzerland,Basel
133.0,3.5,2800,Switzerland,Basel
119.0,3.0,2950,Switzerland,Basel
26.0,1.0,620,Switzerland,Basel
28.0,1.0,850,Switzerland,Basel
33.0,1.0,890,Switzerland,Basel
40.0,2.0,895,Switzerland,Basel
41.0,1.0,980,Switzerland,Basel
42.0,2.0,1010,Switzerland,Basel
25.0,1.0,1030,Switzerland,Basel
30.0,1.0,1040,Switzerland,Basel
42.0,1.5,1150,Switzerland,Basel
26.0,1.0,1150,Switzerland,Basel
37.0,1.5,1170,Switzerland,Basel
30.0,1.0,1200,Switzerland,Basel
48.0,2.0,1270,Switzerland,Basel
55.0,2.0,1280,Switzerland,Basel
53.0,2.0,1280,Switzerland,Basel
30.0,1.5,1290,Switzerland,Basel
47.0,2.0,1345,Switzerland,Basel
79.0,3.0,1364,Switzerland,Basel
58.0,2.5,1380,Switzerland,Basel
64.0,2.5,1400,Switzerland,Basel
57.0,2.0,1435,Switzerland,Basel
64.0,3.5,1470,Switzerland,Basel
66.0,2.0,1476,Switzerland,Basel
57.0,3.0,1480,Switzerland,Basel
67.0,3.0,1490,Switzerland,Basel
98.0,3.5,1500,Switzerland,Basel
73.0,3.0,1500,Switzerland,Basel
75.0,3.0,1525,Switzerland,Basel
70.0,2.0,1530,Switzerland,Basel
80.0,3.5,1550,Switzerland,Basel
65.0,3.0,1550,Switzerland,Basel
70.0,2.0,1550,Switzerland,Basel
58.0,3.0,1610,Switzerland,Basel
70.0,4.0,1630,Switzerland,Basel
58.0,2.5,1690,Switzerland,Basel
78.0,3.0,1695,Switzerland,Basel
60.0,3.0,1726,Switzerland,Basel
78.0,3.0,1735,Switzerland,Basel
60.0,3.0,1740,Switzerland,Basel
64.0,3.0,1750,Switzerland,Basel
85.0,3.0,1750,Switzerland,Basel
66.0,2.5,1770,Switzerland,Basel
78.0,3.0,1803,Switzerland,Basel
83.0,3.0,1815,Switzerland,Basel
81.0,3.5,1830,Switzerland,Basel
83.0,3.0,1845,Switzerland,Basel
90.0,3.0,1930,Switzerland,Basel
81.0,3.0,1960,Switzerland,Basel
95.0,3.5,1970,Switzerland,Basel
122.0,3.5,1995,Switzerland,Basel
100.0,4.0,2500,Switzerland,Basel
94.0,4.0,2580,Switzerland,Basel
139.0,5.5,3200,Switzerland,Basel
146.0,6.0,3585,Switzerland,Basel
180.0,5.5,3895,Switzerland,Basel
181.0,4.5,3920,Switzerland,Basel
172.0,5.5,3990,Switzerland,Basel
10.0,1.0,150,Switzerland,Basel
11.0,1.0,680,Switzerland,Basel
32.0,1.0,700,Switzerland,Basel
30.0,1.5,720,Switzerland,Basel
25.0,1.0,805,Switzerland,Basel
30.0,1.0,850,Switzerland,Basel
29.0,1.0,850,Switzerland,Basel
40.0,1.0,880,Switzerland,Basel
34.0,1.0,890,Switzerland,Basel
40.0,1.0,890,Switzerland,Basel
26.0,1.0,890,Switzerland,Basel
24.0,1.5,900,Switzerland,Basel
28.0,1.0,900,Switzerland,Basel
40.0,2.0,930,Switzerland,Basel
23.0,1.5,940,Switzerland,Basel
44.0,1.0,940,Switzerland,Basel
28.0,1.0,950,Switzerland,Basel
16.0,1.0,950,Switzerland,Basel
39.0,1.0,954,Switzerland,Basel
27.0,1.5,970,Switzerland,Basel
20.0,1.0,970,Switzerland,Basel
40.0,2.0,990,Switzerland,Basel
30.0,1.0,990,Switzerland,Basel
45.0,2.0,1000,Switzerland,Basel
60.0,2.0,1000,Switzerland,Basel
44.0,2.0,1010,Switzerland,Basel
24.0,1.0,1040,Switzerland,Basel
52.0,2.0,1050,Switzerland,Basel
63.0,2.5,1070,Switzerland,Basel
28.0,1.0,1100,Switzerland,Basel
52.0,2.0,1140,Switzerland,Basel
55.0,2.0,1140,Switzerland,Basel
33.0,2.0,1150,Switzerland,Basel
54.0,2.0,1151,Switzerland,Basel
52.0,2.0,1160,Switzerland,Basel
46.0,2.0,1160,Switzerland,Basel
45.0,2.0,1190,Switzerland,Basel
52.0,2.0,1190,Switzerland,Basel
32.0,1.0,1200,Switzerland,Basel
47.0,2.5,1210,Switzerland,Basel
32.0,1.0,1220,Switzerland,Basel
54.0,2.0,1230,Switzerland,Basel
32.0,1.0,1240,Switzerland,Basel
61.0,3.0,1250,Switzerland,Basel
60.0,2.5,1250,Switzerland,Basel
52.0,2.0,1255,Switzerland,Basel
54.0,2.0,1285,Switzerland,Basel
45.0,1.0,1295,Switzerland,Basel
40.0,1.0,1310,Switzerland,Basel
52.0,2.0,1330,Switzerland,Basel
63.0,2.5,1335,Switzerland,Basel
55.0,2.0,1350,Switzerland,Basel
55.0,2.0,1355,Switzerland,Basel
61.0,3.0,1365,Switzerland,Basel
60.0,2.0,1370,Switzerland,Basel
57.0,3.0,1390,Switzerland,Basel
60.0,2.0,1390,Switzerland,Basel
61.0,3.0,1400,Switzerland,Basel
70.0,3.0,1420,Switzerland,Basel
79.0,3.0,1420,Switzerland,Basel
57.0,2.5,1420,Switzerland,Basel
56.0,2.0,1420,Switzerland,Basel
63.0,3.0,1430,Switzerland,Basel
57.0,2.5,1430,Switzerland,Basel
51.0,2.0,1430,Switzerland,Basel
59.0,3.0,1440,Switzerland,Basel
58.0,2.5,1445,Switzerland,Basel
59.0,3.0,1460,Switzerland,Basel
71.0,3.0,1470,Switzerland,Basel
60.0,2.0,1470,Switzerland,Basel
59.0,2.0,1470,Switzerland,Basel
50.0,2.0,1470,Switzerland,Basel
65.0,3.0,1490,Switzerland,Basel
55.0,2.5,1490,Switzerland,Basel
56.0,2.0,1490,Switzerland,Basel
50.0,2.0,1490,Switzerland,Basel
50.0,2.0,1510,Switzerland,Basel
67.0,3.0,1550,Switzerland,Basel
62.0,2.5,1550,Switzerland,Basel
75.0,3.0,1578,Switzerland,Basel
76.0,3.0,1580,Switzerland,Basel
94.0,3.0,1590,Switzerland,Basel
70.0,3.0,1590,Switzerland,Basel
62.0,2.0,1590,Switzerland,Basel
81.0,3.5,1600,Switzerland,Basel
65.0,3.0,1600,Switzerland,Basel
70.0,3.0,1600,Switzerland,Basel
55.0,2.5,1600,Switzerland,Basel
66.0,2.5,1600,Switzerland,Basel
82.0,3.5,1605,Switzerland,Basel
80.0,3.5,1620,Switzerland,Basel
85.0,3.0,1620,Switzerland,Basel
75.0,3.0,1650,Switzerland,Basel
56.0,2.5,1655,Switzerland,Basel
82.0,3.5,1710,Switzerland,Basel
69.0,3.0,1740,Switzerland,Basel
80.0,3.5,1750,Switzerland,Basel
64.0,3.0,1760,Switzerland,Basel
86.0,3.5,1771,Switzerland,Basel
93.0,4.0,1780,Switzerland,Basel
85.0,3.0,1790,Switzerland,Basel
70.0,3.0,1800,Switzerland,Basel
85.0,3.5,1810,Switzerland,Basel
81.0,3.5,1810,Switzerland,Basel
84.0,3.5,1850,Switzerland,Basel
83.0,4.5,1865,Switzerland,Basel
75.0,3.0,1880,Switzerland,Basel
87.0,3.0,1890,Switzerland,Basel
78.0,4.0,1910,Switzerland,Basel
75.0,3.5,1910,Switzerland,Basel
64.0,2.5,1930,Switzerland,Basel
88.0,3.0,1955,Switzerland,Basel
105.0,2.5,1955,Switzerland,Basel
74.0,3.5,1980,Switzerland,Basel
70.0,3.0,1990,Switzerland,Basel
116.0,2.0,1990,Switzerland,Basel
108.0,3.5,1999,Switzerland,Basel
90.0,3.5,2000,Switzerland,Basel
88.0,3.5,2019,Switzerland,Basel
88.0,3.0,2025,Switzerland,Basel
100.0,4.0,2035,Switzerland,Basel
104.0,3.5,2075,Switzerland,Basel
88.0,4.0,2100,Switzerland,Basel
90.0,3.0,2100,Switzerland,Basel
70.0,3.5,2130,Switzerland,Basel
100.0,3.5,2150,Switzerland,Basel
86.0,2.5,2150,Switzerland,Basel
80.0,3.5,2185,Switzerland,Basel
134.0,3.5,2200,Switzerland,Basel
103.0,3.0,2200,Switzerland,Basel
99.0,3.5,2290,Switzerland,Basel
104.0,4.0,2295,Switzerland,Basel
97.0,4.0,2300,Switzerland,Basel
108.0,3.5,2440,Switzerland,Basel
110.0,4.0,2490,Switzerland,Basel
90.0,4.5,2500,Switzerland,Basel
100.0,3.0,2515,Switzerland,Basel
70.0,3.5,2780,Switzerland,Basel
96.0,3.0,2890,Switzerland,Basel
161.0,3.5,2950,Switzerland,Basel
125.0,2.5,3310,Switzerland,Basel
138.0,4.5,4590,Switzerland,Basel
9.0,1.0,720,Switzerland,Basel
32.0,1.0,860,Switzerland,Basel
31.0,1.0,860,Switzerland,Basel
22.0,1.5,870,Switzerland,Basel
30.0,1.0,870,Switzerland,Basel
28.0,1.0,880,Switzerland,Basel
49.0,2.0,890,Switzerland,Basel
44.0,2.0,920,Switzerland,Basel
50.0,2.0,960,Switzerland,Basel
30.0,1.0,970,Switzerland,Basel
30.0,1.0,980,Switzerland,Basel
50.0,2.0,984,Switzerland,Basel
46.0,1.5,990,Switzerland,Basel
49.0,2.0,1000,Switzerland,Basel
38.0,1.5,1010,Switzerland,Basel
48.0,2.0,1020,Switzerland,Basel
63.0,3.0,1065,Switzerland,Basel
41.0,2.0,1070,Switzerland,Basel
44.0,2.0,1080,Switzerland,Basel
52.0,2.0,1100,Switzerland,Basel
50.0,2.0,1130,Switzerland,Basel
46.0,2.0,1130,Switzerland,Basel
27.0,1.5,1140,Switzerland,Basel
47.0,2.0,1170,Switzerland,Basel
44.0,2.0,1170,Switzerland,Basel
48.0,2.0,1170,Switzerland,Basel
30.0,1.5,1170,Switzerland,Basel
55.0,2.0,1180,Switzerland,Basel
50.0,2.0,1190,Switzerland,Basel
51.0,2.0,1200,Switzerland,Basel
53.0,2.0,1210,Switzerland,Basel
40.0,1.5,1210,Switzerland,Basel
46.0,2.0,1230,Switzerland,Basel
39.0,1.0,1250,Switzerland,Basel
50.0,2.0,1260,Switzerland,Basel
61.0,2.0,1260,Switzerland,Basel
50.0,2.0,1280,Switzerland,Basel
56.0,2.0,1285,Switzerland,Basel
46.0,2.0,1300,Switzerland,Basel
53.0,2.0,1300,Switzerland,Basel
47.0,2.0,1325,Switzerland,Basel
50.0,2.0,1340,Switzerland,Basel
58.0,2.0,1350,Switzerland,Basel
53.0,2.5,1360,Switzerland,Basel
55.0,2.0,1360,Switzerland,Basel
53.0,2.5,1370,Switzerland,Basel
63.0,3.0,1380,Switzerland,Basel
54.0,2.5,1380,Switzerland,Basel
39.0,1.0,1385,Switzerland,Basel
60.0,3.0,1390,Switzerland,Basel
38.0,1.0,1390,Switzerland,Basel
56.0,2.0,1400,Switzerland,Basel
54.0,2.0,1400,Switzerland,Basel
67.0,2.0,1420,Switzerland,Basel
56.0,2.0,1440,Switzerland,Basel
66.0,2.5,1450,Switzerland,Basel
63.0,2.5,1450,Switzerland,Basel
45.0,2.0,1450,Switzerland,Basel
68.0,3.0,1470,Switzerland,Basel
60.0,3.0,1480,Switzerland,Basel
68.0,3.0,1480,Switzerland,Basel
64.0,2.5,1480,Switzerland,Basel
51.0,3.0,1485,Switzerland,Basel
65.0,3.5,1490,Switzerland,Basel
75.0,3.0,1500,Switzerland,Basel
68.0,3.0,1500,Switzerland,Basel
62.0,2.0,1500,Switzerland,Basel
53.0,2.5,1520,Switzerland,Basel
63.0,3.0,1530,Switzerland,Basel
68.0,3.0,1530,Switzerland,Basel
66.0,2.5,1530,Switzerland,Basel
81.0,2.0,1540,Switzerland,Basel
66.0,3.0,1550,Switzerland,Basel
60.0,2.0,1550,Switzerland,Basel
68.0,3.0,1560,Switzerland,Basel
78.0,3.0,1560,Switzerland,Basel
60.0,2.0,1562,Switzerland,Basel
54.0,2.0,1570,Switzerland,Basel
60.0,3.0,1580,Switzerland,Basel
57.0,2.0,1580,Switzerland,Basel
61.0,3.0,1585,Switzerland,Basel
50.0,2.0,1585,Switzerland,Basel
72.0,3.5,1590,Switzerland,Basel
81.0,3.0,1600,Switzerland,Basel
87.0,3.0,1605,Switzerland,Basel
77.0,3.0,1610,Switzerland,Basel
69.0,3.0,1630,Switzerland,Basel
70.0,3.0,1645,Switzerland,Basel
80.0,3.5,1650,Switzerland,Basel
72.0,3.0,1650,Switzerland,Basel
65.0,3.0,1650,Switzerland,Basel
61.0,2.0,1650,Switzerland,Basel
69.0,3.0,1675,Switzerland,Basel
47.0,1.0,1675,Switzerland,Basel
70.0,3.0,1695,Switzerland,Basel
82.0,4.5,1750,Switzerland,Basel
81.0,3.0,1760,Switzerland,Basel
62.0,3.0,1780,Switzerland,Basel
70.0,3.0,1820,Switzerland,Basel
81.0,3.0,1830,Switzerland,Basel
63.0,2.5,1920,Switzerland,Basel
67.0,3.0,1930,Switzerland,Basel
60.0,2.0,1950,Switzerland,Basel
60.0,3.0,1955,Switzerland,Basel
75.0,3.0,1980,Switzerland,Basel
92.0,3.0,1990,Switzerland,Basel
95.0,4.0,2000,Switzerland,Basel
80.0,3.5,2000,Switzerland,Basel
93.0,2.5,2010,Switzerland,Basel
92.0,4.5,2095,Switzerland,Basel
84.0,4.5,2235,Switzerland,Basel
96.0,3.5,2350,Switzerland,Basel
98.0,3.5,2400,Switzerland,Basel
93.0,4.0,2440,Switzerland,Basel
99.0,3.5,2540,Switzerland,Basel
116.0,4.5,2690,Switzerland,Basel
120.0,4.5,2790,Switzerland,Basel
141.0,4.5,2868,Switzerland,Basel
120.0,4.0,3590,Switzerland,Basel
20.0,1.0,450,Switzerland,Basel
26.0,1.0,550,Switzerland,Basel
13.0,1.0,595,Switzerland,Basel
36.0,1.0,755,Switzerland,Basel
25.0,1.0,770,Switzerland,Basel
40.0,1.5,790,Switzerland,Basel
23.0,1.0,865,Switzerland,Basel
28.0,1.0,890,Switzerland,Basel
42.0,1.0,890,Switzerland,Basel
28.0,1.0,905,Switzerland,Basel
40.0,1.5,910,Switzerland,Basel
27.0,1.0,920,Switzerland,Basel
45.0,1.0,980,Switzerland,Basel
28.0,1.5,1025,Switzerland,Basel
36.0,1.5,1030,Switzerland,Basel
49.0,3.0,1040,Switzerland,Basel
40.0,2.0,1040,Switzerland,Basel
39.0,1.5,1050,Switzerland,Basel
66.0,2.5,1080,Switzerland,Basel
66.0,3.0,1090,Switzerland,Basel
44.0,1.5,1090,Switzerland,Basel
35.0,1.5,1095,Switzerland,Basel
54.0,2.5,1100,Switzerland,Basel
47.0,2.0,1100,Switzerland,Basel
45.0,1.5,1125,Switzerland,Basel
49.0,2.0,1140,Switzerland,Basel
46.0,2.0,1140,Switzerland,Basel
54.0,2.0,1150,Switzerland,Basel
45.0,1.5,1150,Switzerland,Basel
62.0,1.5,1150,Switzerland,Basel
53.0,2.0,1180,Switzerland,Basel
48.0,2.5,1190,Switzerland,Basel
49.0,2.0,1190,Switzerland,Basel
31.0,1.5,1200,Switzerland,Basel
45.0,2.0,1210,Switzerland,Basel
43.0,2.0,1220,Switzerland,Basel
43.0,2.0,1226,Switzerland,Basel
45.0,2.0,1230,Switzerland,Basel
51.0,2.0,1230,Switzerland,Basel
60.0,2.5,1290,Switzerland,Basel
45.0,2.0,1290,Switzerland,Basel
59.0,2.0,1290,Switzerland,Basel
35.0,1.5,1290,Switzerland,Basel
49.0,2.0,1300,Switzerland,Basel
56.0,1.5,1310,Switzerland,Basel
40.0,2.5,1320,Switzerland,Basel
64.0,3.0,1325,Switzerland,Basel
65.0,3.0,1336,Switzerland,Basel
58.0,2.0,1340,Switzerland,Basel
74.0,3.0,1350,Switzerland,Basel
52.0,2.0,1380,Switzerland,Basel
70.0,3.0,1390,Switzerland,Basel
52.0,3.0,1390,Switzerland,Basel
45.0,2.0,1390,Switzerland,Basel
50.0,2.5,1400,Switzerland,Basel
46.0,2.5,1400,Switzerland,Basel
61.0,2.0,1400,Switzerland,Basel
62.0,2.5,1410,Switzerland,Basel
68.0,3.0,1430,Switzerland,Basel
58.0,2.0,1440,Switzerland,Basel
76.0,3.5,1450,Switzerland,Basel
30.0,2.0,1450,Switzerland,Basel
40.0,1.5,1450,Switzerland,Basel
61.0,3.0,1460,Switzerland,Basel
65.0,3.0,1470,Switzerland,Basel
80.0,3.5,1480,Switzerland,Basel
67.0,3.0,1480,Switzerland,Basel
64.0,3.0,1490,Switzerland,Basel
61.0,3.0,1500,Switzerland,Basel
55.0,3.0,1500,Switzerland,Basel
74.0,3.0,1510,Switzerland,Basel
73.0,3.0,1520,Switzerland,Basel
68.0,3.5,1530,Switzerland,Basel
71.0,3.0,1530,Switzerland,Basel
70.0,3.0,1540,Switzerland,Basel
76.0,3.5,1570,Switzerland,Basel
70.0,3.0,1580,Switzerland,Basel
65.0,3.0,1590,Switzerland,Basel
69.0,2.5,1590,Switzerland,Basel
65.0,3.5,1600,Switzerland,Basel
70.0,3.0,1603,Switzerland,Basel
61.0,3.5,1620,Switzerland,Basel
68.0,3.0,1620,Switzerland,Basel
68.0,2.5,1620,Switzerland,Basel
64.0,3.0,1625,Switzerland,Basel
70.0,2.5,1630,Switzerland,Basel
80.0,3.5,1640,Switzerland,Basel
61.0,3.5,1640,Switzerland,Basel
65.0,3.0,1640,Switzerland,Basel
54.0,1.5,1653,Switzerland,Basel
63.0,3.0,1654,Switzerland,Basel
83.0,3.5,1680,Switzerland,Basel
80.0,3.5,1680,Switzerland,Basel
66.0,3.0,1690,Switzerland,Basel
57.0,3.0,1720,Switzerland,Basel
72.0,3.5,1730,Switzerland,Basel
74.0,3.0,1735,Switzerland,Basel
75.0,3.0,1755,Switzerland,Basel
88.0,3.0,1760,Switzerland,Basel
80.0,4.0,1770,Switzerland,Basel
87.0,3.5,1795,Switzerland,Basel
77.0,3.5,1800,Switzerland,Basel
77.0,3.0,1820,Switzerland,Basel
88.0,3.0,1830,Switzerland,Basel
92.0,3.5,1860,Switzerland,Basel
93.0,3.5,1880,Switzerland,Basel
80.0,3.0,1900,Switzerland,Basel
62.0,2.5,1920,Switzerland,Basel
71.0,3.5,1930,Switzerland,Basel
74.0,3.5,1950,Switzerland,Basel
102.0,4.5,1980,Switzerland,Basel
91.0,3.5,2080,Switzerland,Basel
92.0,4.0,2100,Switzerland,Basel
80.0,3.5,2130,Switzerland,Basel
90.0,3.5,2130,Switzerland,Basel
103.0,3.5,2490,Switzerland,Basel
146.0,5.5,3420,Switzerland,Basel
129.0,6.0,4850,Switzerland,Basel
22.0,1.0,750,Switzerland,Basel
36.0,1.0,860,Switzerland,Basel
34.0,1.0,875,Switzerland,Basel
36.0,1.0,875,Switzerland,Basel
35.0,1.0,885,Switzerland,Basel
32.0,1.0,920,Switzerland,Basel
17.0,1.0,930,Switzerland,Basel
27.0,1.5,995,Switzerland,Basel
32.0,1.0,1015,Switzerland,Basel
30.0,1.0,1070,Switzerland,Basel
61.0,2.0,1110,Switzerland,Basel
48.0,1.0,1110,Switzerland,Basel
33.0,2.0,1130,Switzerland,Basel
44.0,2.0,1145,Switzerland,Basel
54.0,2.0,1180,Switzerland,Basel
46.0,2.0,1180,Switzerland,Basel
41.0,1.0,1180,Switzerland,Basel
29.0,1.0,1200,Switzerland,Basel
52.0,2.0,1220,Switzerland,Basel
30.0,1.0,1240,Switzerland,Basel
56.0,2.0,1245,Switzerland,Basel
39.0,1.0,1255,Switzerland,Basel
51.0,2.0,1265,Switzerland,Basel
59.0,2.0,1285,Switzerland,Basel
57.0,2.0,1290,Switzerland,Basel
31.0,2.0,1290,Switzerland,Basel
60.0,2.0,1290,Switzerland,Basel
56.0,2.0,1330,Switzerland,Basel
50.0,2.0,1330,Switzerland,Basel
63.0,3.0,1340,Switzerland,Basel
44.0,2.0,1350,Switzerland,Basel
70.0,3.0,1360,Switzerland,Basel
60.0,2.5,1375,Switzerland,Basel
67.0,3.0,1390,Switzerland,Basel
57.0,2.5,1390,Switzerland,Basel
75.0,3.5,1400,Switzerland,Basel
65.0,3.0,1400,Switzerland,Basel
56.0,2.5,1420,Switzerland,Basel
56.0,2.5,1430,Switzerland,Basel
55.0,2.5,1450,Switzerland,Basel
65.0,2.0,1450,Switzerland,Basel
50.0,1.5,1485,Switzerland,Basel
74.0,3.0,1490,Switzerland,Basel
65.0,2.5,1490,Switzerland,Basel
48.0,2.5,1490,Switzerland,Basel
67.0,2.0,1490,Switzerland,Basel
60.0,3.0,1500,Switzerland,Basel
50.0,2.5,1500,Switzerland,Basel
73.0,3.0,1506,Switzerland,Basel
72.0,3.0,1510,Switzerland,Basel
75.0,3.0,1515,Switzerland,Basel
67.0,2.5,1520,Switzerland,Basel
70.0,3.0,1525,Switzerland,Basel
84.0,3.5,1540,Switzerland,Basel
70.0,3.0,1545,Switzerland,Basel
73.0,3.5,1550,Switzerland,Basel
78.0,3.0,1550,Switzerland,Basel
55.0,2.0,1550,Switzerland,Basel
